method_family,rows,methods,median_aupr,median_aupr_ratio,median_f1_ratio,positive_uplift_fraction
probe_family,12,6,0.00012616154681082388,0.0012884797813267998,6.192906149467956e-05,0.08333333333333333
classical_grn,21,7,3.014724826426898e-06,4.000165124322165e-06,0.0,0.09523809523809523
control,6,2,3.0142739086645993e-06,3.999566812499184e-06,0.0,0.0
