family_a,family_b,n_a,n_b,median_aupr_ratio_a,median_aupr_ratio_b,median_diff_a_minus_b,cliffs_delta_aupr_ratio,perm_p_two_sided_median_diff,positive_uplift_a,positive_uplift_b,positive_uplift_fraction_a,positive_uplift_fraction_b,fisher_p_two_sided_positive_uplift,bh_q_perm_median_diff
classical_grn,probe_family,21,12,4.000165124322165e-06,0.0012884797813267998,-0.0012844796162024778,-0.4126984126984127,0.1999800019998,2,1,0.09523809523809523,0.08333333333333333,1.0,0.5999400059994
control,probe_family,6,12,3.999566812499184e-06,0.0012884797813267998,-0.0012844802145143006,-0.5555555555555556,0.40605939406059394,0,1,0.0,0.08333333333333333,1.0,0.6090890910908909
classical_grn,control,21,6,4.000165124322165e-06,3.999566812499184e-06,5.983118229814001e-10,0.15873015873015872,0.6866313368663134,2,0,0.09523809523809523,0.0,1.0,0.6866313368663134
